{"cameraMode":{"drawMode":0,"name":"Shaded","section":"Shading Mode"},"sceneLighting":false,"audioPlay":false,"sceneViewState":{"m_AlwaysRefresh":false,"showFog":true,"showSkybox":false,"showFlares":true,"showImageEffects":true,"showParticleSystems":true,"showVisualEffectGraphs":true,"m_FxEnabled":true},"in2DMode":false,"pivot":{"x":-0.09232056140899658,"y":0.32172396779060366,"z":-1.5751380920410157},"rotation":{"x":-0.2745436131954193,"y":-0.2817692458629608,"z":0.08440306037664414,"w":-0.9155598282814026},"size":0.3533317744731903,"orthographic":false}