{"cameraMode":{"drawMode":0,"name":"Shaded","section":"Shading Mode"},"sceneLighting":false,"audioPlay":false,"sceneViewState":{"m_AlwaysRefresh":false,"showFog":true,"showSkybox":false,"showFlares":true,"showImageEffects":true,"showParticleSystems":true,"showVisualEffectGraphs":true,"m_FxEnabled":true},"in2DMode":false,"pivot":{"x":0.8050466179847717,"y":0.868146538734436,"z":5.739485740661621},"rotation":{"x":0.23977041244506837,"y":-0.39422863721847536,"z":0.10733992606401444,"w":0.8807234764099121},"size":1.0161387920379639,"orthographic":false}