{"cameraMode":{"drawMode":0,"name":"Shaded","section":"Shading Mode"},"sceneLighting":false,"audioPlay":false,"sceneViewState":{"m_AlwaysRefresh":false,"showFog":true,"showSkybox":false,"showFlares":true,"showImageEffects":true,"showParticleSystems":true,"showVisualEffectGraphs":true,"m_FxEnabled":true},"in2DMode":false,"pivot":{"x":-0.7317569851875305,"y":0.006928164511919022,"z":-0.0030410438776016237},"rotation":{"x":-0.24726901948451997,"y":-0.4068109393119812,"z":0.11528623104095459,"w":-0.8719021677970886},"size":0.7648059725761414,"orthographic":false}