{"cameraMode":{"drawMode":0,"name":"Shaded","section":"Shading Mode"},"sceneLighting":false,"audioPlay":false,"sceneViewState":{"m_AlwaysRefresh":false,"showFog":true,"showSkybox":false,"showFlares":true,"showImageEffects":true,"showParticleSystems":true,"showVisualEffectGraphs":true,"m_FxEnabled":true},"in2DMode":false,"pivot":{"x":0.11560404300689697,"y":-0.3176567852497101,"z":0.03569138050079346},"rotation":{"x":0.31750646233558657,"y":0.3058242201805115,"z":-0.1089533120393753,"w":0.8910132050514221},"size":0.9896579384803772,"orthographic":false}