{"cameraMode":{"drawMode":0,"name":"Shaded","section":"Shading Mode"},"sceneLighting":false,"audioPlay":false,"sceneViewState":{"m_AlwaysRefresh":false,"showFog":true,"showSkybox":false,"showFlares":true,"showImageEffects":true,"showParticleSystems":true,"showVisualEffectGraphs":true,"m_FxEnabled":true},"in2DMode":false,"pivot":{"x":1.043081283569336e-7,"y":0.17635416984558106,"z":5.960464477539063e-8},"rotation":{"x":0.5830211639404297,"y":0.027321524918079377,"z":-0.019592473283410074,"w":0.8118304014205933},"size":1.2856582403182984,"orthographic":false}