{"cameraMode":{"drawMode":0,"name":"Shaded","section":"Shading Mode"},"sceneLighting":false,"audioPlay":false,"sceneViewState":{"m_AlwaysRefresh":false,"showFog":true,"showSkybox":true,"showFlares":true,"showImageEffects":true,"showParticleSystems":true,"showVisualEffectGraphs":true,"m_FxEnabled":true},"in2DMode":false,"pivot":{"x":18.779470443725587,"y":1.000867486000061,"z":9.495674133300782},"rotation":{"x":0.2619169354438782,"y":-0.13043981790542603,"z":0.03460831567645073,"w":0.9558562636375427},"size":0.43073591589927676,"orthographic":false}